seed,round,aMs,dMs,ratioDOverA,pairedPercent,deltaMs,order,aHostUtc,dHostUtc,separationSeconds,descriptiveClass
1,3,2939,2822,0.9601905410003403,-3.980945899965971,-117,DCBA,2026-09-12T17:51:17.744169+00:00,2026-09-12T17:50:38.015549+00:00,39.72862,high-high
1,4,2980,2598,0.8718120805369127,-12.818791946308728,-382,ABCD,2026-09-12T17:51:31.042223+00:00,2026-09-12T17:52:13.323868+00:00,42.281645,high-high
1,5,2982,2853,0.9567404426559356,-4.325955734406439,-129,DCBA,2026-09-12T17:53:09.790227+00:00,2026-09-12T17:52:26.978364+00:00,42.811863,high-high
1,6,2984,2915,0.9768766756032171,-2.3123324396782885,-69,ABCD,2026-09-12T17:53:23.617303+00:00,2026-09-12T17:54:04.025211+00:00,40.407908,high-high
1,7,3018,2979,0.9870775347912525,-1.2922465208747513,-39,DCBA,2026-09-12T17:54:59.876805+00:00,2026-09-12T17:54:17.930907+00:00,41.945898,high-high
1,8,2950,2955,1.0016949152542374,0.16949152542373724,5,ABCD,2026-09-12T17:55:13.882155+00:00,2026-09-12T17:55:55.590483+00:00,41.708328,high-high
1,9,2780,3001,1.0794964028776979,7.949640287769788,221,DCBA,2026-09-12T17:56:49.088942+00:00,2026-09-12T17:56:09.837525+00:00,39.251417,high-high
1,10,2899,2938,1.0134529147982063,1.3452914798206317,39,ABCD,2026-09-12T17:57:03.420929+00:00,2026-09-12T17:57:46.008202+00:00,42.587273,high-high
1,11,2319,2341,1.0094868477792152,0.9486847779215157,22,DCBA,2026-09-12T17:58:40.055859+00:00,2026-09-12T17:58:00.724007+00:00,39.331852,low-low
1,12,2297,2375,1.0339573356552025,3.3957335655202536,78,ABCD,2026-09-12T17:58:53.602991+00:00,2026-09-12T17:59:31.690586+00:00,38.087595,low-low
1,13,2297,2391,1.04092294296909,4.092294296909005,94,DCBA,2026-09-12T18:00:23.327500+00:00,2026-09-12T17:59:45.004802+00:00,38.322698,low-low
1,14,2378,2326,0.9781328847771237,-2.186711522287632,-52,ABCD,2026-09-12T18:00:36.578617+00:00,2026-09-12T18:01:14.919261+00:00,38.340644,low-low
1,15,2314,2362,1.020743301642178,2.074330164217808,48,DCBA,2026-09-12T18:02:07.132358+00:00,2026-09-12T18:01:27.525347+00:00,39.607011,low-low
1,16,2285,2310,1.0109409190371992,1.0940919037199182,25,ABCD,2026-09-12T18:02:20.773513+00:00,2026-09-12T18:02:57.959601+00:00,37.186088,low-low
1,17,2281,2389,1.0473476545374836,4.7347654537483574,108,DCBA,2026-09-12T18:03:51.031108+00:00,2026-09-12T18:03:11.377192+00:00,39.653916,low-low
1,18,2207,2314,1.04848210240145,4.84821024014499,107,ABCD,2026-09-12T18:04:03.521332+00:00,2026-09-12T18:04:43.464637+00:00,39.943305,low-low
1,19,2333,2274,0.9747106729532791,-2.5289327046720933,-59,DCBA,2026-09-12T18:05:35.773222+00:00,2026-09-12T18:04:56.236282+00:00,39.53694,low-low
1,20,2337,2289,0.9794608472400513,-2.0539152759948665,-48,ABCD,2026-09-12T18:05:48.237241+00:00,2026-09-12T18:06:31.467848+00:00,43.230607,low-low
1,21,2420,2432,1.0049586776859505,0.49586776859504855,12,DCBA,2026-09-12T18:07:25.390900+00:00,2026-09-12T18:06:46.986866+00:00,38.404034,low-low
1,22,2367,2391,1.0101394169835234,1.0139416983523386,24,ABCD,2026-09-12T18:07:38.085933+00:00,2026-09-12T18:08:19.328972+00:00,41.243039,low-low
2,3,2305,2324,1.0082429501084598,0.8242950108459768,19,DCBA,2026-09-12T18:25:47.284352+00:00,2026-09-12T18:25:09.809227+00:00,37.475125,low-low
2,4,2250,2303,1.0235555555555556,2.355555555555555,53,ABCD,2026-09-12T18:26:00.058938+00:00,2026-09-12T18:26:37.402835+00:00,37.343897,low-low
2,5,2291,2458,1.0728939327804452,7.28939327804452,167,DCBA,2026-09-12T18:27:30.585592+00:00,2026-09-12T18:26:50.611173+00:00,39.974419,low-low
2,6,2397,2964,1.2365456821026284,23.654568210262838,567,ABCD,2026-09-12T18:27:43.498157+00:00,2026-09-12T18:28:22.553115+00:00,39.054958,low-high
2,7,2848,2717,0.954002808988764,-4.5997191011236005,-131,DCBA,2026-09-12T18:29:15.488850+00:00,2026-09-12T18:28:36.062454+00:00,39.426396,high-high
2,8,2890,2855,0.9878892733564014,-1.211072664359858,-35,ABCD,2026-09-12T18:29:29.031901+00:00,2026-09-12T18:30:07.324689+00:00,38.292788,high-high
2,9,2869,2873,1.0013942140118508,0.13942140118508028,4,DCBA,2026-09-12T18:31:00.482686+00:00,2026-09-12T18:30:21.111042+00:00,39.371644,high-high
2,10,2934,2860,0.9747784594410361,-2.522154055896386,-74,ABCD,2026-09-12T18:31:12.808383+00:00,2026-09-12T18:31:54.552442+00:00,41.744059,high-high
2,11,2877,2946,1.023983315954119,2.3983315954118956,69,DCBA,2026-09-12T18:32:48.801057+00:00,2026-09-12T18:32:08.162300+00:00,40.638757,high-high
2,12,2867,2876,1.0031391698639693,0.3139169863969338,9,ABCD,2026-09-12T18:33:02.675269+00:00,2026-09-12T18:33:41.892494+00:00,39.217225,high-high
2,13,2768,2826,1.0209537572254335,2.0953757225433467,58,DCBA,2026-09-12T18:48:59.872133+00:00,2026-09-12T18:48:20.098049+00:00,39.774084,high-high
2,14,2963,2961,0.9993250084373946,-0.06749915626054204,-2,ABCD,2026-09-12T18:49:12.524816+00:00,2026-09-12T18:49:55.767323+00:00,43.242507,high-high
2,15,2767,2953,1.067220816769064,6.7220816769064,186,DCBA,2026-09-12T18:50:50.961154+00:00,2026-09-12T18:50:09.599389+00:00,41.361765,high-high
2,16,2900,2978,1.026896551724138,2.6896551724137963,78,ABCD,2026-09-12T18:51:03.788728+00:00,2026-09-12T18:51:43.587650+00:00,39.798922,high-high
2,17,2821,2943,1.04324707550514,4.324707550513995,122,DCBA,2026-09-12T18:52:38.246174+00:00,2026-09-12T18:51:57.123369+00:00,41.122805,high-high
2,18,2861,2940,1.0276127228241874,2.7612722824187363,79,ABCD,2026-09-12T18:52:52.241080+00:00,2026-09-12T18:53:30.311934+00:00,38.070854,high-high
2,19,2836,3103,1.0941466854724964,9.414668547249638,267,DCBA,2026-09-12T18:54:26.205910+00:00,2026-09-12T18:53:43.836815+00:00,42.369095,high-high
2,20,2879,3089,1.072941993747829,7.294199374782906,210,ABCD,2026-09-12T18:54:40.954459+00:00,2026-09-12T18:55:27.190584+00:00,46.236125,high-high
2,21,2904,2952,1.0165289256198347,1.6528925619834656,48,DCBA,2026-09-12T18:56:26.199781+00:00,2026-09-12T18:55:44.304055+00:00,41.895726,high-high
2,22,2853,2877,1.0084121976866456,0.8412197686645584,24,ABCD,2026-09-12T18:56:38.881958+00:00,2026-09-12T18:57:21.072667+00:00,42.190709,high-high
3,3,2281,2370,1.0390179745725558,3.9017974572555847,89,DCBA,2026-09-12T19:21:23.002233+00:00,2026-09-12T19:20:46.012415+00:00,36.989818,low-low
3,4,2300,2423,1.0534782608695652,5.34782608695652,123,ABCD,2026-09-12T19:21:35.944650+00:00,2026-09-12T19:22:14.530503+00:00,38.585853,low-low
3,5,2304,2333,1.0125868055555556,1.258680555555558,29,DCBA,2026-09-12T19:23:07.534277+00:00,2026-09-12T19:22:27.651757+00:00,39.88252,low-low
3,6,2303,2421,1.051237516283109,5.123751628310891,118,ABCD,2026-09-12T19:23:21.119437+00:00,2026-09-12T19:23:59.519573+00:00,38.400136,low-low
3,7,2315,2355,1.0172786177105833,1.7278617710583255,40,DCBA,2026-09-12T19:24:49.163527+00:00,2026-09-12T19:24:12.256496+00:00,36.907031,low-low
3,8,2390,2330,0.9748953974895398,-2.5104602510460206,-60,ABCD,2026-09-12T19:25:02.367411+00:00,2026-09-12T19:25:38.622345+00:00,36.254934,low-low
3,9,2348,2262,0.9633730834752982,-3.6626916524701847,-86,DCBA,2026-09-12T19:26:29.962501+00:00,2026-09-12T19:25:50.894952+00:00,39.067549,low-low
3,10,2367,2409,1.017743979721166,1.7743979721166037,42,ABCD,2026-09-12T19:26:42.292223+00:00,2026-09-12T19:27:22.167559+00:00,39.875336,low-low
3,11,2229,2388,1.0713324360699865,7.133243606998652,159,DCBA,2026-09-12T19:28:16.300403+00:00,2026-09-12T19:27:36.897330+00:00,39.403073,low-low
3,12,2300,3112,1.3530434782608696,35.30434782608695,812,ABCD,2026-09-12T19:28:28.567765+00:00,2026-09-12T19:29:06.821006+00:00,38.253241,low-high
3,13,2803,3046,1.086692829111666,8.669282911166597,243,DCBA,2026-09-12T19:30:00.727646+00:00,2026-09-12T19:29:19.911221+00:00,40.816425,high-high
3,14,2944,3026,1.0278532608695652,2.785326086956519,82,ABCD,2026-09-12T19:30:13.190394+00:00,2026-09-12T19:30:53.211690+00:00,40.021296,high-high
3,15,2860,2835,0.9912587412587412,-0.8741258741258751,-25,DCBA,2026-09-12T19:31:50.687123+00:00,2026-09-12T19:31:06.848967+00:00,43.838156,high-high
3,16,2769,2695,0.9732755507403394,-2.6724449259660554,-74,ABCD,2026-09-12T19:32:05.051245+00:00,2026-09-12T19:32:43.980449+00:00,38.929204,high-high
3,17,3057,3042,0.9950932286555446,-0.4906771344455385,-15,DCBA,2026-09-12T19:33:36.690149+00:00,2026-09-12T19:32:57.768499+00:00,38.92165,high-high
3,18,2962,2819,0.9517218095881161,-4.827819041188386,-143,ABCD,2026-09-12T19:33:50.258777+00:00,2026-09-12T19:34:30.884253+00:00,40.625476,high-high
3,19,2975,2893,0.972436974789916,-2.7563025210084025,-82,DCBA,2026-09-12T19:35:24.133389+00:00,2026-09-12T19:34:43.723540+00:00,40.409849,high-high
3,20,2723,2986,1.096584649283878,9.6584649283878,263,ABCD,2026-09-12T19:35:36.830587+00:00,2026-09-12T19:36:19.399606+00:00,42.569019,high-high
3,21,2850,3104,1.0891228070175438,8.912280701754383,254,DCBA,2026-09-12T19:37:13.428448+00:00,2026-09-12T19:36:33.452590+00:00,39.975858,high-high
3,22,2915,2931,1.0054888507718696,0.5488850771869558,16,ABCD,2026-09-12T19:37:26.849652+00:00,2026-09-12T19:38:07.325487+00:00,40.475835,high-high
